Col,Row,Weight
K0,U78,-0.35442154859269437
K0,U10,-0.32808840124310124
K1,U56,-0.3055537809956398
K0,U13,0.28267634214274096
K0,U83,0.2669137907269451
K3,U85,-0.2478227971745288
K5,U94,-0.23608825878751613
K0,U85,0.22708037280283264
K2,U28,-0.22447421164790635
K0,U59,-0.22385634494252432
K0,U64,0.22357646789118996
K0,U11,0.22143687390126726
K0,U39,0.2187186272287159
K6,U37,0.21707870009998081
K0,U80,-0.2167964649347549
K4,U60,0.21595871013336668
K5,U10,-0.21043985049198669
K2,U29,-0.2100951072946577
K2,U97,0.20953537184615406
K0,U23,0.20875223309394256
K1,U23,0.20597376816001442
K3,U15,0.20594711356990048
K5,U66,0.2049720738113603
K0,U27,-0.20473261136983784
K9,U16,-0.2047098045912279
K6,U11,-0.20397033835190423
K9,U76,0.20393606162636874
K3,U21,-0.20213128513211778
K6,U17,-0.19639495178575114
K6,U67,0.1957689207179054
K1,U93,-0.19531842182671033
K0,U34,-0.1906309997447233
K9,U70,-0.18603970252221874
K5,U73,-0.1848012106253292
K2,U39,0.18470771210691325
K3,U54,0.18393345862002491
K4,U13,0.1819935946910422
K7,U63,0.17966941117094476
K0,U54,-0.17890308245938627
K1,U76,-0.1783599347654119
K7,U18,-0.17747117765588272
K4,U26,-0.1704669723857853
K1,U34,0.16796676716025943
K0,U16,0.16748265473218837
K0,U28,-0.1671327116921893
K0,U41,0.1646462261479269
K7,U24,0.16207218718131292
K0,U14,-0.16154881295448034
K9,U67,0.16127339778632357
K7,U12,-0.15979554237330798
K0,U65,0.15942151471670835
K8,U56,-0.1590440185455665
K5,U47,0.15837445757702343
K9,U21,-0.15788557123954144
K0,U70,0.15722796145898338
K2,U98,-0.15711603921988235
K3,U91,-0.15682863325095217
K0,U66,0.15640883801335023
K9,U57,0.15427601444139877
K2,U11,0.1539643962991312
K3,U74,0.15072808575782767
K5,U14,-0.14910024171261088
K7,U50,0.1486442143091072
K9,U27,0.14788447376101369
K1,U63,-0.14736383131004474
K7,U68,-0.14700915671596745
K0,U76,0.14685148326769223
K0,U46,0.14505560099148246
K1,U10,0.14470539378525482
K2,U80,-0.1446282257548148
K1,U59,-0.14376187443571772
K8,U80,-0.14375399419420692
K5,U74,-0.1417935309331817
K1,U75,0.14119300145566543
K3,U10,0.14111595006304925
K9,U33,-0.1404773875994371
K7,U65,0.13972670114745286
K0,U12,0.13905950527895292
K3,U47,-0.13846610387514552
K5,U95,-0.13653429269488243
K9,U56,0.13572376437000697
K3,U72,-0.13571217855358197
K7,U77,0.1342160040541304
K6,U83,0.13388055014497682
K3,U31,0.1338486173538752
K7,U88,-0.1325729018338002
K8,U67,0.1325627682235009
K5,U67,0.13052502275565359
K7,U93,0.13010399322619054
K1,U14,-0.1300113195683379
K7,U35,-0.12912884319641735
K1,U64,0.12866891878166664
K1,U80,0.12828720783250058
K3,U78,0.12805841922020358
K1,U11,-0.1275137302525219
K9,U94,0.12617486831533464
K9,U29,-0.12570347922509476
K3,U13,-0.12529556172638528
K2,U32,-0.12454510492051836
K1,U82,0.12453529360341122
K1,U22,-0.12440808650533566
K7,U92,0.12428017126464985
K6,U61,0.123249560304106
K7,U90,0.12315441712806624
K2,U26,0.12301106414851166
K5,U41,0.12178258330386216
K1,U69,-0.12091379057754399
K4,U62,-0.12071073868924749
K7,U28,-0.12021513734946078
K2,U69,0.1200866381396129
K6,U21,0.11968256541379603
K5,U49,-0.11922295719630292
K1,U29,0.11899029571316413
K1,U33,-0.11874237060968819
K2,U55,-0.11863649914976816
K5,U23,-0.11862677529251864
K4,U24,-0.11858194938072979
K2,U25,-0.11838680265898863
K0,U31,-0.1183847539307348
K2,U51,0.11771056689141911
K3,U94,-0.11761694948556745
K3,U58,-0.11755236480898408
K1,U28,0.1174963970006303
K4,U68,0.11721232337400156
K6,U29,0.11687418071807368
K9,U55,-0.1165277596746526
K4,U96,-0.11601872946725435
K5,U98,-0.11522458485118821
K0,U22,0.11470741728898735
K5,U16,0.11469265220120038
K5,U11,-0.11467295328335579
K5,U27,-0.11438617161018225
K0,U19,0.11378186451205992
K2,U67,0.11364347351452533
K2,U95,0.11336176574559738
K0,U32,-0.11274331415291228
K0,U97,0.11156234733389882
K4,U43,0.11049006191240597
K6,U38,-0.1103190244377293
K5,U36,0.11018154284304577
K6,U31,-0.1097425633466268
K8,U68,-0.10953946523099263
K7,U44,0.10898845404093974
K6,U45,-0.10822469623545994
K7,U66,0.10788758219326314
K9,U19,0.10779543012309963
K9,U48,0.10766723025907841
K3,U56,0.10711363552489454
K4,U77,0.10698055535620213
K1,U17,-0.10643701779531897
K8,U79,0.10615162961703524
K6,U39,0.10591843055549925
K6,U98,0.10566698570936568
K1,U54,0.10508608296725644
K2,U54,-0.10490318193752854
K3,U16,-0.10450246137115414
K7,U87,0.10428576167885414
K4,U80,0.1042353031445965
K5,U37,0.10421030257370868
K6,U51,0.10403299831277403
K4,U57,-0.10265956934962822
K8,U75,-0.1024341849295243
K2,U52,0.10241701112927507
K7,U11,0.10222244423185407
K0,U18,-0.10211704364988033
K0,U49,-0.10182077986504595
K2,U72,0.10179634362758191
K3,U50,0.10158301146352622
K5,U33,0.10151753887747961
K3,U96,-0.10132283555866546
K2,U12,0.10039720409040011
K5,U31,-0.10020021765294643
K7,U96,0.10010681850632122
K0,U82,0.09981380680897659
K0,U57,-0.0995945602777522
K2,U21,-0.09933771351184419
K4,U66,0.09933235074284118
K8,U97,-0.09914206863476331
K1,U55,0.09884989698119716
K0,U69,-0.0988397754477524
K1,U52,0.09867866600347039
K0,U45,0.09864786896948556
K9,U66,0.09864265084587892
K3,U37,0.09828648710272471
K6,U18,0.09813498869990077
K7,U70,-0.09795822052274378
K4,U36,-0.09770129704283184
K5,U72,-0.09765525933551376
K3,U22,-0.09710625683253579
K4,U10,-0.09651586343223525
K8,U11,-0.09612522292626789
K3,U62,-0.09583761246616167
K8,U37,0.09567533470108215
K4,U52,-0.09562209487397445
K0,U38,0.09547440603316486
K9,U42,-0.09495216634157633
K0,U53,-0.0945678058450417
K4,U75,-0.09417999571850458
K5,U87,0.09417074343839675
K2,U60,0.09409709681966488
K0,U61,0.09405525074475474
K7,U85,0.09394174046188514
K3,U52,0.0937615153996188
K6,U52,0.09302904153179217
K2,U15,0.09290309170363541
K2,U43,-0.09285632003959554
K0,U42,-0.09253695997726102
K2,U64,0.09244943019498532
K2,U68,0.09240133562538441
K2,U38,-0.09222890420510256
K9,U58,-0.0921989929552766
K0,U73,-0.09217892753410892
K8,U94,-0.09212747013558216
K0,U20,0.09198235671250678
K0,U47,0.09181150528642558
K3,U75,0.09158980701525826
K6,U74,-0.09144721426451001
K8,U24,0.09122609229328005
K0,U17,-0.09113666054681019
K0,U87,0.09104902825222913
K4,U83,0.09104752637498843
K4,U38,0.09101116714160248
K4,U56,0.09080086533744705
K4,U14,-0.09026373264809641
K4,U48,0.08993023119688022
K5,U20,0.08944585668716745
K2,U76,0.08913064309224768
K9,U59,0.08875882776064728
K8,U78,-0.0882859178088036
K3,U32,0.08778325777246124
K9,U38,-0.08776957329486816
K9,U93,0.0876219510139272
K7,U37,-0.0874180155081655
K3,U11,0.08699462192821691
K3,U73,0.0869871340103634
K2,U48,-0.08672769600331288
K6,U65,-0.08671020755637743
K3,U77,-0.08668874814157856
K3,U64,0.08663639608554564
K6,U20,0.0865119371173198
K8,U57,0.0860203414290331
K1,U66,-0.08582157026241119
K2,U75,-0.08560195712125969
K4,U81,-0.08558558145619564
K1,U94,0.08549670807362215
K3,U93,-0.08524725755750812
K7,U58,0.08500569553974181
K4,U44,-0.08394796433905036
K3,U60,0.08391578637517093
K1,U50,0.08369096812561846
K9,U14,-0.08331351859921332
K9,U50,-0.08307599480795613
K8,U72,-0.08285886845937211
K1,U44,0.08267280664918804
K8,U70,-0.08265116247114777
K6,U56,-0.0824035571565165
K2,U87,-0.082014430539986
K0,U50,0.08183270860686474
K2,U20,0.08141836985597439
K5,U88,0.08133722929089159
K3,U35,0.08131154368298335
K2,U49,0.08127155701755029
K9,U34,-0.08070208149813457
K4,U90,0.08059315726038484
K8,U61,0.08043038828679265
K0,U30,0.08014182287239927
K8,U84,-0.07985494697841784
K3,U28,0.0795124265618866
K2,U63,0.07933251574839192
K4,U87,-0.07920197622993787
K9,U63,-0.07919538126782752
K4,U42,-0.0791676056776668
K8,U77,0.0789493120137113
K5,U79,0.07882694407790408
K5,U90,-0.07875651703300846
K8,U27,0.07865085613519908
K1,U86,-0.07841030646690107
K0,U94,-0.07800651623036839
K6,U25,0.07799044940707693
K0,U21,0.07773909478126319
K1,U88,-0.07763657330151577
K7,U27,-0.07756120947154964
K0,U67,0.07747449086406612
K3,U61,0.07742345717681043
K3,U89,-0.07742221627357644
K8,U86,-0.07727128264266217
K4,U84,-0.07710955448021632
K6,U70,0.07694654678157382
K5,U29,0.07692071287607768
K4,U15,0.07674543638014109
K6,U92,0.07647096521060795
K2,U92,0.07614091315822602
K6,U40,-0.07605618718227568
K5,U44,-0.0759757634478351
K5,U86,0.07595158376121201
K3,U17,-0.07569522295752781
K8,U50,0.07512160747360777
K5,U18,-0.07474571434854879
K6,U54,0.07458982804895457
K2,U56,0.07456281409328402
K8,U13,-0.07452794275896674
K7,U47,0.07439062301781896
K4,U95,-0.0739005525204533
K2,U91,-0.07378460507849645
K6,U62,-0.07376879996778005
K8,U21,0.07374556276768827
K7,U60,-0.07368926318232917
K5,U40,-0.07368175070607919
K5,U85,0.07319982101524795
K1,U73,0.07304841547560043
K9,U88,-0.07252965869703998
K4,U40,0.07241942257464702
K6,U50,-0.07147266174032038
K4,U22,-0.07139676732451723
K2,U84,0.07110290039077173
K9,U78,-0.0710126508904531
K9,U53,-0.07100083693140144
K9,U71,-0.07090046618235857
K6,U96,0.070854601656206
K5,U12,0.07080321831029515
K7,U76,-0.07070357418636249
K1,U65,-0.07067379130121432
K2,U61,0.07037462140324396
K4,U69,0.07034972840157164
K8,U33,-0.07029593290934442
K6,U77,-0.07026087391319007
K9,U81,0.07024102651931806
K1,U40,0.0701985313832054
K1,U20,-0.07015217475052204
K2,U71,0.07006562218942268
K4,U11,0.0699572936190319
K5,U78,0.0695204233078975
K7,U22,-0.06951447027598044
K5,U34,-0.06942290771511132
K0,U51,0.06914378054424206
K7,U10,-0.06906648023009902
K8,U12,-0.06880731700626738
K2,U66,0.0687691094019167
K7,U34,-0.06872840273247845
K4,U17,-0.06868640289199977
K6,U89,-0.06864233688880887
K9,U89,0.06863546184867816
K5,U68,0.06823636604152648
K8,U99,-0.06819536322620234
K3,U19,-0.06817264567806446
K9,U41,0.06763619818093461
K9,U65,-0.06760064403585904
K7,U59,-0.06720092415265894
K4,U32,0.06714920936499767
K8,U95,0.06706240236281706
K9,U17,-0.06690630830020802
K1,U77,-0.06680706233180761
K3,U81,0.06676566403434236
K2,U10,-0.06643513425659531
K6,U60,0.06639148312753149
K5,U55,-0.06637778300750548
K0,U99,0.06634361139792828
K5,U96,0.06605223349125082
K6,U46,0.06603463848201443
K5,U77,0.065772551769791
K7,U67,-0.06568872982395932
K4,U49,-0.06560700479748177
K4,U65,0.06555244773202724
K6,U33,-0.06552434441781843
K4,U74,0.06527250792060237
K7,U31,0.06504902145897234
K8,U49,-0.06468900940540792
K3,U24,-0.06452126550266998
K6,U93,-0.06446252561492943
K5,U46,-0.0642059349184438
K2,U46,0.06415855543560728
K7,U71,-0.06412367093729578
K6,U84,-0.06411360130390077
K1,U41,0.06410970489619834
K7,U55,-0.06361753622006358
K5,U84,0.06359369192224577
K3,U59,-0.06342220998787818
K7,U13,0.06325682267845033
K0,U92,-0.06290340032261979
K9,U91,0.06269655012878428
K6,U79,0.06256525364671998
K8,U91,0.06242626516020089
K8,U40,0.06239884052913366
K0,U52,0.06202032531721941
K6,U95,0.06196994715464579
K6,U48,0.0619528795445866
K2,U93,0.06172211476260273
K6,U24,-0.06112185327499596
K8,U87,-0.06105989405434226
K9,U43,-0.06097206945023056
K3,U84,0.06093069832441193
K1,U96,0.06084427193772063
K7,U83,0.06077138187944734
K2,U90,0.06065797644585544
K6,U47,0.06051214980789038
K1,U81,0.06049315323791552
K2,U35,-0.06034865149194311
K7,U53,-0.06016154159957173
K3,U57,0.05964025549246765
K9,U84,-0.059580670628076295
K6,U66,-0.05955136585473627
K0,U90,0.059515585832965096
K9,U12,0.05939706947316964
K2,U89,0.05928818448522367
K0,U48,-0.05926955230985899
K3,U25,-0.05922291968946196
K8,U93,0.05890523238475149
K2,U83,0.05838507817387873
K6,U82,-0.05825388576467401
K0,U88,-0.05817150673332143
K2,U57,0.05812132559797061
K0,U26,-0.058090029676881365
K9,U73,0.0579778332060278
K1,U47,-0.05776594095723721
K8,U34,0.05775464176543662
K8,U64,0.05774458614495404
K9,U97,0.05744821681206485
K4,U98,-0.05718181734487853
K6,U53,-0.057053613256806274
K7,U16,0.057031773763943125
K1,U99,-0.05670685428656166
K0,U72,-0.056603476689968145
K8,U63,0.056416210964216944
K4,U35,-0.056403394045738214
K0,U24,-0.05634499488483339
K4,U78,0.05622276244481916
K1,U39,-0.056090742913417764
K5,U48,0.05599786821205226
K0,U40,0.05591416989371576
K3,U41,0.055872282121300326
K9,U60,0.05565164208997252
K2,U96,-0.05563447815927286
K5,U35,0.055530684541321006
K1,U37,-0.05546123904021953
K3,U44,-0.055049293477580634
K4,U58,-0.054571170542757404
K3,U99,-0.05456990584289987
K5,U64,-0.05456438830761264
K1,U79,-0.05453478035569414
K3,U63,-0.05451689481788616
K9,U54,-0.05440323926105981
K7,U36,-0.05423326864408621
K7,U32,-0.054094637110082826
K9,U75,-0.05408257184968474
K8,U48,0.053986881551630596
K5,U56,-0.05358460060411347
K9,U61,-0.05357187708351275
K4,U67,-0.05353875200342037
K2,U62,0.053506905514532715
K3,U65,-0.05312092852915752
K8,U41,-0.053097621837196615
K9,U36,-0.05294127721825909
K1,U72,0.052902711194844
K7,U86,-0.052871918423498455
K2,U13,0.052832364623175976
K1,U74,-0.052776515175656145
K8,U88,-0.05270161643195248
K7,U51,-0.05246189559709387
K5,U21,0.052329226816247056
K4,U99,0.05203550403208368
K6,U12,0.05186909204284024
K4,U37,0.051744159028946524
K8,U59,0.05168838006797886
K1,U70,0.05143442555332516
K2,U94,-0.05102375464683406
K3,U95,-0.05100055442268478
K4,U71,0.05079374939723189
K3,U43,-0.05067494846606447
K8,U89,-0.050591862809030726
K9,U20,-0.05057288341140727
K4,U88,-0.05036580051012419
K2,U77,0.05018919800967568
K7,U14,0.04987932510806841
K9,U99,0.0497817623425353
K0,U96,-0.04954195502875748
K1,U91,0.04919207645740964
K5,U63,-0.04917752980113664
K1,U42,-0.049086198831893815
K8,U82,0.04900119012990583
K0,U35,0.048864582885796266
K8,U83,-0.04884143217391904
K9,U92,-0.04858626608190288
K7,U54,-0.04840313906663246
K7,U91,0.04824520649980063
K4,U61,0.048215335972108704
K3,U53,-0.04811349840962338
K8,U26,0.04803284361646416
K7,U78,-0.048027078390741634
K6,U15,0.04780641232922017
K3,U98,0.04766988995906947
K6,U76,-0.04749738189072013
K3,U20,0.047488921740628354
K5,U60,-0.04739419913182212
K5,U15,-0.047099622087954277
K5,U59,-0.046896110573386364
K1,U67,-0.04624190191395543
K1,U62,0.04613550080212392
K6,U58,0.04583784513856823
K0,U89,0.04577600188263584
K0,U25,-0.045633573242061076
K3,U14,-0.04547444196014064
K1,U60,-0.045400455934555474
K0,U63,-0.04526777439969363
K3,U55,0.045230749200963316
K8,U15,-0.04505259382319263
K2,U24,0.044927785904206284
K6,U69,0.04490193175482745
K5,U42,0.04484246168260796
K8,U60,-0.04439998459954461
K9,U44,-0.04436250829481643
K3,U12,-0.04423039019690465
K7,U30,0.04415283203652232
K7,U52,0.044123214285273014
K8,U65,0.04407963427223794
K7,U72,-0.044005408960122845
K6,U22,-0.043719083906399725
K0,U68,-0.043476357207258017
K9,U22,0.04335536590354907
K2,U14,-0.04327520822129121
K3,U40,-0.043225749542695376
K1,U24,-0.04316728047924363
K8,U76,0.04288931057073784
K6,U97,0.04257166891965391
K0,U44,-0.042315520624232134
K8,U31,-0.04229011038246541
K9,U31,-0.04225290795873318
K3,U69,0.042189287750334856
K4,U91,-0.042174488317229364
K4,U31,-0.04142673976132105
K6,U80,-0.04126890392433588
K0,U71,0.04123231303681222
K9,U40,-0.04105746101197017
K7,U84,0.04090096799285657
K8,U92,0.04083416899867563
K9,U24,0.04066659060311901
K6,U14,-0.039977488037836184
K1,U26,-0.03987574729819393
K2,U34,-0.039817725934773805
K2,U81,-0.03980646290868437
K1,U48,0.03940045835475584
K2,U36,0.03917618395351757
K9,U46,-0.039137540233877034
K5,U26,0.03912539940634084
K7,U19,-0.03909655403202267
K7,U26,0.03886220167793024
K8,U45,0.038846496581880045
K5,U53,-0.03881669023786635
K2,U19,0.03865999991332282
K6,U87,0.038457864677284875
K0,U91,0.03829679459736878
K5,U62,-0.038292042036182534
K3,U26,-0.03827074080528089
K3,U92,0.03825703629718962
K5,U91,-0.03812673497256206
K9,U98,-0.03808960734938002
K6,U23,0.03785691201820949
K0,U86,-0.03745957147006529
K3,U83,-0.037416413700400795
K7,U80,0.03724618022794547
K1,U38,-0.03723025177170664
K5,U17,-0.037193206191120584
K6,U32,0.03712155554251088
K7,U98,-0.03709734947557256
K1,U90,0.037093947561487595
K9,U10,-0.03700846634273951
K2,U47,0.036932263724424375
K3,U79,-0.03681741393767792
K5,U71,-0.03652579597752293
K7,U95,-0.03649661898259197
K4,U63,0.03624573718743879
K1,U25,0.036171738888329565
K7,U40,0.03613215358768123
K6,U94,0.035937581150180885
K9,U45,0.03585466124480726
K5,U51,0.035832534150842
K3,U67,0.035818091791771756
K7,U89,0.0354180447640366
K4,U19,0.03524392809577813
K4,U46,0.034917508342529206
K6,U13,0.03458330015403373
K2,U85,0.034581453166703226
K2,U70,-0.034579349779185024
K5,U52,0.03437641516090697
K7,U99,-0.03405061565597867
K8,U18,-0.03371605204328932
K3,U29,-0.03365985953600491
K9,U32,-0.03358403852690155
K7,U17,0.033503047532910536
K0,U77,0.03346358306620102
K0,U36,-0.03345564771906331
K5,U19,0.03329633804382002
K9,U74,0.033179618350283456
K4,U34,0.03287680728250244
K4,U85,-0.032874770125010354
K9,U15,-0.03285962593536526
K8,U51,-0.032738278909329135
K6,U36,0.03270040623155122
K1,U98,0.03262082662862929
K7,U48,-0.03256061314276817
K4,U55,-0.03255968054513556
K8,U43,0.032521639613053155
K1,U57,0.0324864876409535
K2,U40,-0.03248144758096339
K8,U69,0.03239653826964549
K4,U29,0.03221428678464794
K9,U49,0.032154226965672585
K1,U15,-0.031873294602297264
K4,U94,-0.0313550041759439
K1,U78,0.03099176910334223
K4,U27,0.030965169308030623
K6,U72,-0.030842137531337778
K7,U74,0.030502767947824302
K8,U47,0.030501865248882817
K1,U97,-0.030321454616689846
K0,U58,0.030043462493564203
K1,U12,-0.029978830893714253
K3,U66,-0.029737401769256596
K4,U97,0.029576613731845298
K5,U43,-0.029535596727751367
K9,U95,0.029360305552472998
K8,U71,-0.02928317919047736
K4,U79,0.029131409489698553
K7,U94,-0.029007853439557387
K7,U38,0.028963849789428068
K5,U97,-0.02879348899346992
K6,U91,0.028639289841919248
K7,U46,-0.02859834161733061
K8,U10,0.028559066565433455
K9,U37,0.02831200745808643
K9,U47,0.02826954902591353
K3,U36,-0.028228384773629815
K2,U88,0.02812910469559212
K5,U13,0.02812659628117357
K3,U38,-0.028098059065174312
K4,U70,0.027793681958033768
K0,U93,0.027756400767946523
K4,U64,-0.02755132905686239
K3,U82,0.027549588932909583
K4,U89,0.02731770764953044
K2,U53,-0.02731572462181241
K8,U36,0.02721655297888895
K3,U51,0.02720472902656141
K3,U48,0.027183361789526544
K9,U82,-0.027145684391643544
K6,U86,0.02672821441062078
K8,U98,-0.026700264041307032
K8,U90,0.026700136116988286
K6,U35,0.026613642242981655
K0,U84,-0.026593106625465324
K9,U90,-0.026548056644196523
K6,U44,-0.02653843475043881
K2,U16,-0.026483647913321216
K3,U88,0.026009477502668615
K7,U64,-0.025900798909908207
K2,U73,-0.025881994014628627
K8,U44,0.02575830548523683
K2,U31,-0.025730244368563037
K7,U57,0.025471406907513833
K3,U27,0.025406615419711658
K1,U68,-0.02533943232502763
K1,U92,-0.025131749469670693
K5,U32,-0.025086773334046453
K6,U75,-0.024939494847477723
K6,U34,0.024727414517009026
K7,U15,0.02462611034819632
K6,U30,0.023982495036717
K7,U49,0.023920319648694583
K8,U55,-0.02391899575151912
K8,U22,0.023853127921718797
K2,U33,-0.023851397245010928
K3,U76,-0.023810187722486487
K8,U17,-0.02372411592404867
K6,U88,0.023587762072398762
K1,U27,-0.023551430434669833
K7,U25,0.023486968721862792
K6,U55,-0.023465835321376777
K9,U64,-0.02343735175519651
K2,U78,-0.02337788771442429
K7,U20,-0.023263625976895214
K2,U18,-0.023057729073487652
K7,U82,0.02304059057206222
K8,U85,0.022955548821645418
K4,U20,-0.02292162906523305
K5,U50,-0.022612189009856863
K2,U42,0.022508817290906744
K4,U50,-0.022326835222118802
K3,U33,-0.022198827991600986
K0,U60,0.02215252843464968
K2,U30,0.022063809052484538
K6,U28,-0.02200069319365203
K8,U74,0.021936969139060725
K3,U90,0.021898961638388007
K0,U33,0.021889214838696144
K9,U80,0.02187173505684471
K5,U92,-0.02184028161214805
K8,U38,0.021837874144214005
K9,U87,0.021805310611162372
K0,U43,0.02171779991666513
K8,U23,-0.021662122804851955
K7,U29,-0.021266989873056103
K1,U85,-0.021173662613452552
K1,U18,-0.021155013979641576
K8,U19,-0.021106496808873998
K2,U41,0.020868516058151158
K2,U22,0.02085764272259222
K7,U61,0.020325818050803586
K7,U69,0.020308119142408924
K6,U85,0.020261757631690025
K5,U22,0.020142237640531597
K8,U66,0.02012311093921539
K9,U85,-0.020107412413078986
K9,U23,-0.01997474945523925
K7,U97,-0.019803808354361695
K9,U13,0.01970736068700805
K7,U73,0.01961299013197841
K3,U45,-0.01928987253963369
K5,U69,0.019226912666911664
K0,U56,-0.018856512356099364
K7,U21,-0.01878523238307185
K1,U58,-0.018767474045169916
K8,U20,-0.01871030263003366
K5,U30,0.018585693764994145
K2,U79,-0.018465519154114266
K2,U65,0.01841605621549023
K3,U30,0.018287568185447814
K8,U42,-0.018224792547289106
K1,U35,0.018194335264493967
K4,U72,0.018022685712826243
K6,U90,0.017690592733653185
K4,U59,0.017588548796885144
K5,U89,-0.017549644267260703
K9,U51,0.01753233344761371
K4,U30,-0.017255482661444776
K9,U18,-0.01714892243215694
K1,U19,-0.01692139131445268
K7,U45,0.016755003894666193
K1,U16,-0.016627469681125665
K8,U32,-0.01659995196236115
K7,U43,0.016526778703938115
K2,U23,-0.01645405560397525
K4,U41,-0.01641815524147063
K5,U57,-0.016383626770962525
K1,U71,-0.016348713152887558
K7,U33,-0.016324894621296066
K5,U70,0.016303091050852134
K1,U45,0.016259401053651423
K3,U34,0.01617726234231631
K3,U46,0.01609832220768758
K5,U61,0.016044373332636173
K9,U11,-0.015926774054662023
K6,U41,-0.01573424257704009
K8,U62,0.015658434393695256
K0,U62,0.0156512091778023
K7,U41,-0.015311713223552124
K9,U79,-0.015221150822347127
K8,U58,-0.015133373310281601
K3,U80,0.014985993156712006
K6,U68,0.014835279866515947
K4,U39,-0.014826638659356314
K7,U23,0.014811306024151172
K2,U44,-0.014794019010656469
K2,U17,-0.01477364914204845
K4,U53,-0.014732144211545783
K0,U37,0.01470075600601839
K4,U33,0.014652915449198093
K7,U81,0.014617952091460882
K3,U39,0.01442677047277192
K8,U96,0.014312007935681407
K5,U39,-0.014209828692644021
K2,U45,0.014204549610587895
K5,U93,0.014089690892617801
K5,U99,0.013980799758414306
K8,U25,0.01388240679710681
K0,U75,0.013724406065530432
K8,U81,0.013714109375745298
K4,U28,-0.013681374438370386
K8,U52,0.013598714301891844
K9,U62,-0.013531588982575882
K3,U97,-0.013531392452683578
K4,U76,0.013497629914905898
K7,U42,-0.013490337757379126
K1,U51,0.013436170185502617
K4,U93,-0.01320859895248671
K4,U18,0.013001435280798182
K8,U46,0.01298230170362275
K6,U63,-0.012867708180850191
K2,U58,-0.012754952959209653
K7,U79,-0.012471925085331648
K0,U55,-0.01242080215905695
K4,U45,0.012284881185301447
K3,U71,0.01215773197999042
K3,U70,-0.012132260418629566
K3,U23,0.012108999093506283
K4,U51,-0.011965825519736913
K4,U23,-0.011903143567228327
K8,U54,-0.011810534883210077
K9,U68,-0.011414303014921901
K5,U45,-0.011123569038315595
K9,U35,-0.011058087547786515
K1,U46,-0.010995115386374408
K1,U95,-0.010964714298107858
K2,U99,-0.010863584789168084
K8,U35,0.010697426346684254
K1,U89,0.010651949380113374
K3,U68,0.010613283925282683
K1,U84,-0.010581364001102642
K5,U54,0.010368292588719267
K1,U49,0.010271185495399574
K5,U81,0.01021317496124765
K3,U86,0.0101552923446742
K1,U43,-0.010040995402664976
K4,U21,-0.0097688654387711
K6,U10,-0.009575998175898213
K4,U25,0.009520141701080837
K5,U75,-0.009343511537673226
K6,U99,-0.009313362110095693
K2,U59,-0.009304015833796163
K3,U18,0.008878678492955221
K6,U49,0.008813661319995043
K5,U38,-0.008713388838837184
K9,U86,-0.008404817916771778
K2,U50,-0.008231606092635105
K8,U14,-0.00820983474345707
K6,U64,-0.008084522300143246
K3,U87,0.008055943506517607
K9,U72,-0.0077933603463997015
K9,U83,-0.007720415346857697
K3,U49,-0.007640830241586207
K1,U31,0.0075739828126982515
K8,U30,-0.007463150177070309
K5,U24,-0.0073615567551403695
K0,U15,-0.007339415221379092
K7,U39,-0.007114989322566149
K9,U28,-0.007084251537435752
K4,U82,0.006571180343593884
K1,U53,-0.006548451357128863
K8,U16,0.006486296244057452
K5,U58,-0.006428132394476329
K9,U39,-0.006421896840923225
K6,U19,0.00625961520054049
K8,U29,-0.006148884258847764
K9,U26,0.0060394700223772345
K5,U25,-0.0059319418866924795
K4,U12,0.005927810706499076
K5,U80,0.005880661664093186
K8,U39,0.005878471873816973
K5,U65,-0.005871533506448933
K4,U73,-0.005527826480939836
K2,U86,0.005343423981627867
K0,U29,-0.005026724930149345
K5,U28,-0.005020204132427775
K9,U30,0.004952171313900412
K2,U82,-0.004950991513844321
K9,U52,-0.004918262260162543
K5,U83,0.004833902273403928
K1,U36,0.004736512365287532
K9,U96,0.004726643222596268
K6,U81,0.00464223430415219
K0,U74,0.004630975587036357
K7,U62,0.00460233486080375
K6,U78,0.004537916959809047
K5,U82,-0.0041564049520524705
K6,U43,0.004089597945125006
K1,U30,-0.003911146217671792
K7,U75,0.003891873306282656
K7,U56,-0.0038594193752050534
K2,U27,-0.0037395316360125113
K8,U53,-0.003586418909024792
K6,U16,-0.0035060706479231652
K9,U69,-0.0034589899799864245
K9,U77,0.0033601195950953328
K5,U76,0.0032788568317958957
K4,U92,0.003158079959322
K6,U71,0.0029671119865568116
K6,U27,-0.0028565734812568545
K6,U73,-0.002836650543161188
K1,U83,0.002684133625264723
K8,U28,0.002638091226773912
K6,U57,-0.002637727222344216
K9,U25,0.0023722380515413697
K2,U74,0.0023586974195250188
K0,U81,0.002210420514527216
K6,U42,-0.00215505123719882
K1,U32,-0.0018676076948937908
K0,U95,0.0017911620297596266
K4,U47,0.00177160268669278
K3,U42,-0.001690348060618896
K8,U73,0.0016505860823504948
K0,U98,-0.0015773187566333283
K6,U59,0.0015687915226588274
K0,U79,0.0015537872156837734
K1,U61,-0.0012778489352813641
K4,U16,0.0011660449557299496
K2,U37,0.0010379271634469171
K6,U26,-0.0008508392669620935
K1,U87,-0.0003721884590902516
K4,U86,-0.00023013604645738731
K1,U13,-0.00018899391257649854
K1,U21,3.6506456915939896e-06
K9,K5,0.0
K9,K9,0.0
K9,K8,0.0
K9,K7,0.0
K9,K6,0.0
K0,K0,0.0
K9,K4,0.0
K3,K5,0.0
K2,K6,0.0
K2,K7,0.0
K2,K8,0.0
K2,K9,0.0
K3,K0,0.0
K3,K1,0.0
K3,K2,0.0
K3,K3,0.0
K3,K4,0.0
K3,K6,0.0
K2,K4,0.0
K3,K7,0.0
K3,K8,0.0
K3,K9,0.0
K4,K0,0.0
K4,K1,0.0
K4,K2,0.0
K4,K3,0.0
K4,K4,0.0
K4,K5,0.0
K2,K5,0.0
K2,K3,0.0
K4,K7,0.0
K1,K1,0.0
K0,K2,0.0
K0,K3,0.0
K0,K4,0.0
K0,K5,0.0
K0,K6,0.0
K0,K7,0.0
K0,K8,0.0
K0,K9,0.0
K1,K0,0.0
K1,K2,0.0
K2,K2,0.0
K1,K3,0.0
K1,K4,0.0
K1,K5,0.0
K1,K6,0.0
K1,K7,0.0
K1,K8,0.0
K1,K9,0.0
K2,K0,0.0
K2,K1,0.0
K4,K6,0.0
K4,K8,0.0
K9,K3,0.0
K8,K2,0.0
K7,K3,0.0
K7,K4,0.0
K7,K5,0.0
K7,K6,0.0
K7,K7,0.0
K7,K8,0.0
K7,K9,0.0
K8,K0,0.0
K8,K1,0.0
K8,K3,0.0
K7,K1,0.0
K8,K4,0.0
K8,K5,0.0
K8,K6,0.0
K8,K7,0.0
K8,K8,0.0
K8,K9,0.0
K9,K0,0.0
K9,K1,0.0
K9,K2,0.0
K7,K2,0.0
K7,K0,0.0
K4,K9,0.0
K5,K8,0.0
K4,U54,-0.0
K0,K1,0.0
K5,K1,0.0
K5,K2,0.0
K5,K3,0.0
K5,K4,0.0
K5,K5,0.0
K5,K6,0.0
K5,K7,0.0
K5,K9,0.0
K6,K9,0.0
K6,K0,0.0
K6,K1,0.0
K6,K2,0.0
K6,K3,0.0
K6,K4,0.0
K6,K5,0.0
K6,K6,0.0
K6,K7,0.0
K6,K8,0.0
K5,K0,0.0
